employee_id,name,department,email,salary
1,Employee 00001,Finance,employee00001@example.test,30001
2,Employee 00002,Operations,employee00002@example.test,30002
3,Employee 00003,Sales,employee00003@example.test,30003
4,Employee 00004,Support,employee00004@example.test,30004
5,Employee 00005,Engineering,employee00005@example.test,30005
6,Employee 00006,Finance,employee00006@example.test,30006
7,Employee 00007,Operations,employee00007@example.test,30007
8,Employee 00008,Sales,employee00008@example.test,30008
9,Employee 00009,Support,employee00009@example.test,30009
10,Employee 00010,Engineering,employee00010@example.test,30010
11,Employee 00011,Finance,employee00011@example.test,30011
12,Employee 00012,Operations,employee00012@example.test,30012
13,Employee 00013,Sales,employee00013@example.test,30013
14,Employee 00014,Support,employee00014@example.test,30014
15,Employee 00015,Engineering,employee00015@example.test,30015
16,Employee 00016,Finance,employee00016@example.test,30016
17,Employee 00017,Operations,employee00017@example.test,30017
18,Employee 00018,Sales,employee00018@example.test,30018
19,Employee 00019,Support,employee00019@example.test,30019
20,Employee 00020,Engineering,employee00020@example.test,30020
21,Employee 00021,Finance,employee00021@example.test,30021
22,Employee 00022,Operations,employee00022@example.test,30022
23,Employee 00023,Sales,employee00023@example.test,30023
24,Employee 00024,Support,employee00024@example.test,30024
25,Employee 00025,Engineering,employee00025@example.test,30025
26,Employee 00026,Finance,employee00026@example.test,30026
27,Employee 00027,Operations,employee00027@example.test,30027
28,Employee 00028,Sales,employee00028@example.test,30028
29,Employee 00029,Support,employee00029@example.test,30029
30,Employee 00030,Engineering,employee00030@example.test,30030
31,Employee 00031,Finance,employee00031@example.test,30031
32,Employee 00032,Operations,employee00032@example.test,30032
33,Employee 00033,Sales,employee00033@example.test,30033
34,Employee 00034,Support,employee00034@example.test,30034
35,Employee 00035,Engineering,employee00035@example.test,30035
36,Employee 00036,Finance,employee00036@example.test,30036
37,Employee 00037,Operations,employee00037@example.test,30037
38,Employee 00038,Sales,employee00038@example.test,30038
39,Employee 00039,Support,employee00039@example.test,30039
40,Employee 00040,Engineering,employee00040@example.test,30040
41,Employee 00041,Finance,employee00041@example.test,30041
42,Employee 00042,Operations,employee00042@example.test,30042
43,Employee 00043,Sales,employee00043@example.test,30043
44,Employee 00044,Support,employee00044@example.test,30044
45,Employee 00045,Engineering,employee00045@example.test,30045
46,Employee 00046,Finance,employee00046@example.test,30046
47,Employee 00047,Operations,employee00047@example.test,30047
48,Employee 00048,Sales,employee00048@example.test,30048
49,Employee 00049,Support,employee00049@example.test,30049
50,Employee 00050,Engineering,employee00050@example.test,30050
51,Employee 00051,Finance,employee00051@example.test,30051
52,Employee 00052,Operations,employee00052@example.test,30052
53,Employee 00053,Sales,employee00053@example.test,30053
54,Employee 00054,Support,employee00054@example.test,30054
55,Employee 00055,Engineering,employee00055@example.test,30055
56,Employee 00056,Finance,employee00056@example.test,30056
57,Employee 00057,Operations,employee00057@example.test,30057
58,Employee 00058,Sales,employee00058@example.test,30058
59,Employee 00059,Support,employee00059@example.test,30059
60,Employee 00060,Engineering,employee00060@example.test,30060
61,Employee 00061,Finance,employee00061@example.test,30061
62,Employee 00062,Operations,employee00062@example.test,30062
63,Employee 00063,Sales,employee00063@example.test,30063
64,Employee 00064,Support,employee00064@example.test,30064
65,Employee 00065,Engineering,employee00065@example.test,30065
66,Employee 00066,Finance,employee00066@example.test,30066
67,Employee 00067,Operations,employee00067@example.test,30067
68,Employee 00068,Sales,employee00068@example.test,30068
69,Employee 00069,Support,employee00069@example.test,30069
70,Employee 00070,Engineering,employee00070@example.test,30070
71,Employee 00071,Finance,employee00071@example.test,30071
72,Employee 00072,Operations,employee00072@example.test,30072
73,Employee 00073,Sales,employee00073@example.test,30073
74,Employee 00074,Support,employee00074@example.test,30074
75,Employee 00075,Engineering,employee00075@example.test,30075
76,Employee 00076,Finance,employee00076@example.test,30076
77,Employee 00077,Operations,employee00077@example.test,30077
78,Employee 00078,Sales,employee00078@example.test,30078
79,Employee 00079,Support,employee00079@example.test,30079
80,Employee 00080,Engineering,employee00080@example.test,30080
81,Employee 00081,Finance,employee00081@example.test,30081
82,Employee 00082,Operations,employee00082@example.test,30082
83,Employee 00083,Sales,employee00083@example.test,30083
84,Employee 00084,Support,employee00084@example.test,30084
85,Employee 00085,Engineering,employee00085@example.test,30085
86,Employee 00086,Finance,employee00086@example.test,30086
87,Employee 00087,Operations,employee00087@example.test,30087
88,Employee 00088,Sales,employee00088@example.test,30088
89,Employee 00089,Support,employee00089@example.test,30089
90,Employee 00090,Engineering,employee00090@example.test,30090
91,Employee 00091,Finance,employee00091@example.test,30091
92,Employee 00092,Operations,employee00092@example.test,30092
93,Employee 00093,Sales,employee00093@example.test,30093
94,Employee 00094,Support,employee00094@example.test,30094
95,Employee 00095,Engineering,employee00095@example.test,30095
96,Employee 00096,Finance,employee00096@example.test,30096
97,Employee 00097,Operations,employee00097@example.test,30097
98,Employee 00098,Sales,employee00098@example.test,30098
99,Employee 00099,Support,employee00099@example.test,30099
100,Employee 00100,Engineering,employee00100@example.test,30100
101,Employee 00101,Finance,employee00101@example.test,30101
102,Employee 00102,Operations,employee00102@example.test,30102
103,Employee 00103,Sales,employee00103@example.test,30103
104,Employee 00104,Support,employee00104@example.test,30104
105,Employee 00105,Engineering,employee00105@example.test,30105
106,Employee 00106,Finance,employee00106@example.test,30106
107,Employee 00107,Operations,employee00107@example.test,30107
108,Employee 00108,Sales,employee00108@example.test,30108
109,Employee 00109,Support,employee00109@example.test,30109
110,Employee 00110,Engineering,employee00110@example.test,30110
111,Employee 00111,Finance,employee00111@example.test,30111
112,Employee 00112,Operations,employee00112@example.test,30112
113,Employee 00113,Sales,employee00113@example.test,30113
114,Employee 00114,Support,employee00114@example.test,30114
115,Employee 00115,Engineering,employee00115@example.test,30115
116,Employee 00116,Finance,employee00116@example.test,30116
117,Employee 00117,Operations,employee00117@example.test,30117
118,Employee 00118,Sales,employee00118@example.test,30118
119,Employee 00119,Support,employee00119@example.test,30119
120,Employee 00120,Engineering,employee00120@example.test,30120
121,Employee 00121,Finance,employee00121@example.test,30121
122,Employee 00122,Operations,employee00122@example.test,30122
123,Employee 00123,Sales,employee00123@example.test,30123
124,Employee 00124,Support,employee00124@example.test,30124
125,Employee 00125,Engineering,employee00125@example.test,30125
126,Employee 00126,Finance,employee00126@example.test,30126
127,Employee 00127,Operations,employee00127@example.test,30127
128,Employee 00128,Sales,employee00128@example.test,30128
129,Employee 00129,Support,employee00129@example.test,30129
130,Employee 00130,Engineering,employee00130@example.test,30130
131,Employee 00131,Finance,employee00131@example.test,30131
132,Employee 00132,Operations,employee00132@example.test,30132
133,Employee 00133,Sales,employee00133@example.test,30133
134,Employee 00134,Support,employee00134@example.test,30134
135,Employee 00135,Engineering,employee00135@example.test,30135
136,Employee 00136,Finance,employee00136@example.test,30136
137,Employee 00137,Operations,employee00137@example.test,30137
138,Employee 00138,Sales,employee00138@example.test,30138
139,Employee 00139,Support,employee00139@example.test,30139
140,Employee 00140,Engineering,employee00140@example.test,30140
141,Employee 00141,Finance,employee00141@example.test,30141
142,Employee 00142,Operations,employee00142@example.test,30142
143,Employee 00143,Sales,employee00143@example.test,30143
144,Employee 00144,Support,employee00144@example.test,30144
145,Employee 00145,Engineering,employee00145@example.test,30145
146,Employee 00146,Finance,employee00146@example.test,30146
147,Employee 00147,Operations,employee00147@example.test,30147
148,Employee 00148,Sales,employee00148@example.test,30148
149,Employee 00149,Support,employee00149@example.test,30149
150,Employee 00150,Engineering,employee00150@example.test,30150
151,Employee 00151,Finance,employee00151@example.test,30151
152,Employee 00152,Operations,employee00152@example.test,30152
153,Employee 00153,Sales,employee00153@example.test,30153
154,Employee 00154,Support,employee00154@example.test,30154
155,Employee 00155,Engineering,employee00155@example.test,30155
156,Employee 00156,Finance,employee00156@example.test,30156
157,Employee 00157,Operations,employee00157@example.test,30157
158,Employee 00158,Sales,employee00158@example.test,30158
159,Employee 00159,Support,employee00159@example.test,30159
160,Employee 00160,Engineering,employee00160@example.test,30160
161,Employee 00161,Finance,employee00161@example.test,30161
162,Employee 00162,Operations,employee00162@example.test,30162
163,Employee 00163,Sales,employee00163@example.test,30163
164,Employee 00164,Support,employee00164@example.test,30164
165,Employee 00165,Engineering,employee00165@example.test,30165
166,Employee 00166,Finance,employee00166@example.test,30166
167,Employee 00167,Operations,employee00167@example.test,30167
168,Employee 00168,Sales,employee00168@example.test,30168
169,Employee 00169,Support,employee00169@example.test,30169
170,Employee 00170,Engineering,employee00170@example.test,30170
171,Employee 00171,Finance,employee00171@example.test,30171
172,Employee 00172,Operations,employee00172@example.test,30172
173,Employee 00173,Sales,employee00173@example.test,30173
174,Employee 00174,Support,employee00174@example.test,30174
175,Employee 00175,Engineering,employee00175@example.test,30175
176,Employee 00176,Finance,employee00176@example.test,30176
177,Employee 00177,Operations,employee00177@example.test,30177
178,Employee 00178,Sales,employee00178@example.test,30178
179,Employee 00179,Support,employee00179@example.test,30179
180,Employee 00180,Engineering,employee00180@example.test,30180
181,Employee 00181,Finance,employee00181@example.test,30181
182,Employee 00182,Operations,employee00182@example.test,30182
183,Employee 00183,Sales,employee00183@example.test,30183
184,Employee 00184,Support,employee00184@example.test,30184
185,Employee 00185,Engineering,employee00185@example.test,30185
186,Employee 00186,Finance,employee00186@example.test,30186
187,Employee 00187,Operations,employee00187@example.test,30187
188,Employee 00188,Sales,employee00188@example.test,30188
189,Employee 00189,Support,employee00189@example.test,30189
190,Employee 00190,Engineering,employee00190@example.test,30190
191,Employee 00191,Finance,employee00191@example.test,30191
192,Employee 00192,Operations,employee00192@example.test,30192
193,Employee 00193,Sales,employee00193@example.test,30193
194,Employee 00194,Support,employee00194@example.test,30194
195,Employee 00195,Engineering,employee00195@example.test,30195
196,Employee 00196,Finance,employee00196@example.test,30196
197,Employee 00197,Operations,employee00197@example.test,30197
198,Employee 00198,Sales,employee00198@example.test,30198
199,Employee 00199,Support,employee00199@example.test,30199
200,Employee 00200,Engineering,employee00200@example.test,30200
201,Employee 00201,Finance,employee00201@example.test,30201
202,Employee 00202,Operations,employee00202@example.test,30202
203,Employee 00203,Sales,employee00203@example.test,30203
204,Employee 00204,Support,employee00204@example.test,30204
205,Employee 00205,Engineering,employee00205@example.test,30205
206,Employee 00206,Finance,employee00206@example.test,30206
207,Employee 00207,Operations,employee00207@example.test,30207
208,Employee 00208,Sales,employee00208@example.test,30208
209,Employee 00209,Support,employee00209@example.test,30209
210,Employee 00210,Engineering,employee00210@example.test,30210
211,Employee 00211,Finance,employee00211@example.test,30211
212,Employee 00212,Operations,employee00212@example.test,30212
213,Employee 00213,Sales,employee00213@example.test,30213
214,Employee 00214,Support,employee00214@example.test,30214
215,Employee 00215,Engineering,employee00215@example.test,30215
216,Employee 00216,Finance,employee00216@example.test,30216
217,Employee 00217,Operations,employee00217@example.test,30217
218,Employee 00218,Sales,employee00218@example.test,30218
219,Employee 00219,Support,employee00219@example.test,30219
220,Employee 00220,Engineering,employee00220@example.test,30220
221,Employee 00221,Finance,employee00221@example.test,30221
222,Employee 00222,Operations,employee00222@example.test,30222
223,Employee 00223,Sales,employee00223@example.test,30223
224,Employee 00224,Support,employee00224@example.test,30224
225,Employee 00225,Engineering,employee00225@example.test,30225
226,Employee 00226,Finance,employee00226@example.test,30226
227,Employee 00227,Operations,employee00227@example.test,30227
228,Employee 00228,Sales,employee00228@example.test,30228
229,Employee 00229,Support,employee00229@example.test,30229
230,Employee 00230,Engineering,employee00230@example.test,30230
231,Employee 00231,Finance,employee00231@example.test,30231
232,Employee 00232,Operations,employee00232@example.test,30232
233,Employee 00233,Sales,employee00233@example.test,30233
234,Employee 00234,Support,employee00234@example.test,30234
235,Employee 00235,Engineering,employee00235@example.test,30235
236,Employee 00236,Finance,employee00236@example.test,30236
237,Employee 00237,Operations,employee00237@example.test,30237
238,Employee 00238,Sales,employee00238@example.test,30238
239,Employee 00239,Support,employee00239@example.test,30239
240,Employee 00240,Engineering,employee00240@example.test,30240
241,Employee 00241,Finance,employee00241@example.test,30241
242,Employee 00242,Operations,employee00242@example.test,30242
243,Employee 00243,Sales,employee00243@example.test,30243
244,Employee 00244,Support,employee00244@example.test,30244
245,Employee 00245,Engineering,employee00245@example.test,30245
246,Employee 00246,Finance,employee00246@example.test,30246
247,Employee 00247,Operations,employee00247@example.test,30247
248,Employee 00248,Sales,employee00248@example.test,30248
249,Employee 00249,Support,employee00249@example.test,30249
250,Employee 00250,Engineering,employee00250@example.test,30250
251,Employee 00251,Finance,employee00251@example.test,30251
252,Employee 00252,Operations,employee00252@example.test,30252
253,Employee 00253,Sales,employee00253@example.test,30253
254,Employee 00254,Support,employee00254@example.test,30254
255,Employee 00255,Engineering,employee00255@example.test,30255
256,Employee 00256,Finance,employee00256@example.test,30256
257,Employee 00257,Operations,employee00257@example.test,30257
258,Employee 00258,Sales,employee00258@example.test,30258
259,Employee 00259,Support,employee00259@example.test,30259
260,Employee 00260,Engineering,employee00260@example.test,30260
261,Employee 00261,Finance,employee00261@example.test,30261
262,Employee 00262,Operations,employee00262@example.test,30262
263,Employee 00263,Sales,employee00263@example.test,30263
264,Employee 00264,Support,employee00264@example.test,30264
265,Employee 00265,Engineering,employee00265@example.test,30265
266,Employee 00266,Finance,employee00266@example.test,30266
267,Employee 00267,Operations,employee00267@example.test,30267
268,Employee 00268,Sales,employee00268@example.test,30268
269,Employee 00269,Support,employee00269@example.test,30269
270,Employee 00270,Engineering,employee00270@example.test,30270
271,Employee 00271,Finance,employee00271@example.test,30271
272,Employee 00272,Operations,employee00272@example.test,30272
273,Employee 00273,Sales,employee00273@example.test,30273
274,Employee 00274,Support,employee00274@example.test,30274
275,Employee 00275,Engineering,employee00275@example.test,30275
276,Employee 00276,Finance,employee00276@example.test,30276
277,Employee 00277,Operations,employee00277@example.test,30277
278,Employee 00278,Sales,employee00278@example.test,30278
279,Employee 00279,Support,employee00279@example.test,30279
280,Employee 00280,Engineering,employee00280@example.test,30280
281,Employee 00281,Finance,employee00281@example.test,30281
282,Employee 00282,Operations,employee00282@example.test,30282
283,Employee 00283,Sales,employee00283@example.test,30283
284,Employee 00284,Support,employee00284@example.test,30284
285,Employee 00285,Engineering,employee00285@example.test,30285
286,Employee 00286,Finance,employee00286@example.test,30286
287,Employee 00287,Operations,employee00287@example.test,30287
288,Employee 00288,Sales,employee00288@example.test,30288
289,Employee 00289,Support,employee00289@example.test,30289
290,Employee 00290,Engineering,employee00290@example.test,30290
291,Employee 00291,Finance,employee00291@example.test,30291
292,Employee 00292,Operations,employee00292@example.test,30292
293,Employee 00293,Sales,employee00293@example.test,30293
294,Employee 00294,Support,employee00294@example.test,30294
295,Employee 00295,Engineering,employee00295@example.test,30295
296,Employee 00296,Finance,employee00296@example.test,30296
297,Employee 00297,Operations,employee00297@example.test,30297
298,Employee 00298,Sales,employee00298@example.test,30298
299,Employee 00299,Support,employee00299@example.test,30299
300,Employee 00300,Engineering,employee00300@example.test,30300
301,Employee 00301,Finance,employee00301@example.test,30301
302,Employee 00302,Operations,employee00302@example.test,30302
303,Employee 00303,Sales,employee00303@example.test,30303
304,Employee 00304,Support,employee00304@example.test,30304
305,Employee 00305,Engineering,employee00305@example.test,30305
306,Employee 00306,Finance,employee00306@example.test,30306
307,Employee 00307,Operations,employee00307@example.test,30307
308,Employee 00308,Sales,employee00308@example.test,30308
309,Employee 00309,Support,employee00309@example.test,30309
310,Employee 00310,Engineering,employee00310@example.test,30310
311,Employee 00311,Finance,employee00311@example.test,30311
312,Employee 00312,Operations,employee00312@example.test,30312
313,Employee 00313,Sales,employee00313@example.test,30313
314,Employee 00314,Support,employee00314@example.test,30314
315,Employee 00315,Engineering,employee00315@example.test,30315
316,Employee 00316,Finance,employee00316@example.test,30316
317,Employee 00317,Operations,employee00317@example.test,30317
318,Employee 00318,Sales,employee00318@example.test,30318
319,Employee 00319,Support,employee00319@example.test,30319
320,Employee 00320,Engineering,employee00320@example.test,30320
321,Employee 00321,Finance,employee00321@example.test,30321
322,Employee 00322,Operations,employee00322@example.test,30322
323,Employee 00323,Sales,employee00323@example.test,30323
324,Employee 00324,Support,employee00324@example.test,30324
325,Employee 00325,Engineering,employee00325@example.test,30325
326,Employee 00326,Finance,employee00326@example.test,30326
327,Employee 00327,Operations,employee00327@example.test,30327
328,Employee 00328,Sales,employee00328@example.test,30328
329,Employee 00329,Support,employee00329@example.test,30329
330,Employee 00330,Engineering,employee00330@example.test,30330
331,Employee 00331,Finance,employee00331@example.test,30331
332,Employee 00332,Operations,employee00332@example.test,30332
333,Employee 00333,Sales,employee00333@example.test,30333
334,Employee 00334,Support,employee00334@example.test,30334
335,Employee 00335,Engineering,employee00335@example.test,30335
336,Employee 00336,Finance,employee00336@example.test,30336
337,Employee 00337,Operations,employee00337@example.test,30337
338,Employee 00338,Sales,employee00338@example.test,30338
339,Employee 00339,Support,employee00339@example.test,30339
340,Employee 00340,Engineering,employee00340@example.test,30340
341,Employee 00341,Finance,employee00341@example.test,30341
342,Employee 00342,Operations,employee00342@example.test,30342
343,Employee 00343,Sales,employee00343@example.test,30343
344,Employee 00344,Support,employee00344@example.test,30344
345,Employee 00345,Engineering,employee00345@example.test,30345
346,Employee 00346,Finance,employee00346@example.test,30346
347,Employee 00347,Operations,employee00347@example.test,30347
348,Employee 00348,Sales,employee00348@example.test,30348
349,Employee 00349,Support,employee00349@example.test,30349
350,Employee 00350,Engineering,employee00350@example.test,30350
351,Employee 00351,Finance,employee00351@example.test,30351
352,Employee 00352,Operations,employee00352@example.test,30352
353,Employee 00353,Sales,employee00353@example.test,30353
354,Employee 00354,Support,employee00354@example.test,30354
355,Employee 00355,Engineering,employee00355@example.test,30355
356,Employee 00356,Finance,employee00356@example.test,30356
357,Employee 00357,Operations,employee00357@example.test,30357
358,Employee 00358,Sales,employee00358@example.test,30358
359,Employee 00359,Support,employee00359@example.test,30359
360,Employee 00360,Engineering,employee00360@example.test,30360
361,Employee 00361,Finance,employee00361@example.test,30361
362,Employee 00362,Operations,employee00362@example.test,30362
363,Employee 00363,Sales,employee00363@example.test,30363
364,Employee 00364,Support,employee00364@example.test,30364
365,Employee 00365,Engineering,employee00365@example.test,30365
366,Employee 00366,Finance,employee00366@example.test,30366
367,Employee 00367,Operations,employee00367@example.test,30367
368,Employee 00368,Sales,employee00368@example.test,30368
369,Employee 00369,Support,employee00369@example.test,30369
370,Employee 00370,Engineering,employee00370@example.test,30370
371,Employee 00371,Finance,employee00371@example.test,30371
372,Employee 00372,Operations,employee00372@example.test,30372
373,Employee 00373,Sales,employee00373@example.test,30373
374,Employee 00374,Support,employee00374@example.test,30374
375,Employee 00375,Engineering,employee00375@example.test,30375
376,Employee 00376,Finance,employee00376@example.test,30376
377,Employee 00377,Operations,employee00377@example.test,30377
378,Employee 00378,Sales,employee00378@example.test,30378
379,Employee 00379,Support,employee00379@example.test,30379
380,Employee 00380,Engineering,employee00380@example.test,30380
381,Employee 00381,Finance,employee00381@example.test,30381
382,Employee 00382,Operations,employee00382@example.test,30382
383,Employee 00383,Sales,employee00383@example.test,30383
384,Employee 00384,Support,employee00384@example.test,30384
385,Employee 00385,Engineering,employee00385@example.test,30385
386,Employee 00386,Finance,employee00386@example.test,30386
387,Employee 00387,Operations,employee00387@example.test,30387
388,Employee 00388,Sales,employee00388@example.test,30388
389,Employee 00389,Support,employee00389@example.test,30389
390,Employee 00390,Engineering,employee00390@example.test,30390
391,Employee 00391,Finance,employee00391@example.test,30391
392,Employee 00392,Operations,employee00392@example.test,30392
393,Employee 00393,Sales,employee00393@example.test,30393
394,Employee 00394,Support,employee00394@example.test,30394
395,Employee 00395,Engineering,employee00395@example.test,30395
396,Employee 00396,Finance,employee00396@example.test,30396
397,Employee 00397,Operations,employee00397@example.test,30397
398,Employee 00398,Sales,employee00398@example.test,30398
399,Employee 00399,Support,employee00399@example.test,30399
400,Employee 00400,Engineering,employee00400@example.test,30400
401,Employee 00401,Finance,employee00401@example.test,30401
402,Employee 00402,Operations,employee00402@example.test,30402
403,Employee 00403,Sales,employee00403@example.test,30403
404,Employee 00404,Support,employee00404@example.test,30404
405,Employee 00405,Engineering,employee00405@example.test,30405
406,Employee 00406,Finance,employee00406@example.test,30406
407,Employee 00407,Operations,employee00407@example.test,30407
408,Employee 00408,Sales,employee00408@example.test,30408
409,Employee 00409,Support,employee00409@example.test,30409
410,Employee 00410,Engineering,employee00410@example.test,30410
411,Employee 00411,Finance,employee00411@example.test,30411
412,Employee 00412,Operations,employee00412@example.test,30412
413,Employee 00413,Sales,employee00413@example.test,30413
414,Employee 00414,Support,employee00414@example.test,30414
415,Employee 00415,Engineering,employee00415@example.test,30415
416,Employee 00416,Finance,employee00416@example.test,30416
417,Employee 00417,Operations,employee00417@example.test,30417
418,Employee 00418,Sales,employee00418@example.test,30418
419,Employee 00419,Support,employee00419@example.test,30419
420,Employee 00420,Engineering,employee00420@example.test,30420
421,Employee 00421,Finance,employee00421@example.test,30421
422,Employee 00422,Operations,employee00422@example.test,30422
423,Employee 00423,Sales,employee00423@example.test,30423
424,Employee 00424,Support,employee00424@example.test,30424
425,Employee 00425,Engineering,employee00425@example.test,30425
426,Employee 00426,Finance,employee00426@example.test,30426
427,Employee 00427,Operations,employee00427@example.test,30427
428,Employee 00428,Sales,employee00428@example.test,30428
429,Employee 00429,Support,employee00429@example.test,30429
430,Employee 00430,Engineering,employee00430@example.test,30430
431,Employee 00431,Finance,employee00431@example.test,30431
432,Employee 00432,Operations,employee00432@example.test,30432
433,Employee 00433,Sales,employee00433@example.test,30433
434,Employee 00434,Support,employee00434@example.test,30434
435,Employee 00435,Engineering,employee00435@example.test,30435
436,Employee 00436,Finance,employee00436@example.test,30436
437,Employee 00437,Operations,employee00437@example.test,30437
438,Employee 00438,Sales,employee00438@example.test,30438
439,Employee 00439,Support,employee00439@example.test,30439
440,Employee 00440,Engineering,employee00440@example.test,30440
441,Employee 00441,Finance,employee00441@example.test,30441
442,Employee 00442,Operations,employee00442@example.test,30442
443,Employee 00443,Sales,employee00443@example.test,30443
444,Employee 00444,Support,employee00444@example.test,30444
445,Employee 00445,Engineering,employee00445@example.test,30445
446,Employee 00446,Finance,employee00446@example.test,30446
447,Employee 00447,Operations,employee00447@example.test,30447
448,Employee 00448,Sales,employee00448@example.test,30448
449,Employee 00449,Support,employee00449@example.test,30449
450,Employee 00450,Engineering,employee00450@example.test,30450
451,Employee 00451,Finance,employee00451@example.test,30451
452,Employee 00452,Operations,employee00452@example.test,30452
453,Employee 00453,Sales,employee00453@example.test,30453
454,Employee 00454,Support,employee00454@example.test,30454
455,Employee 00455,Engineering,employee00455@example.test,30455
456,Employee 00456,Finance,employee00456@example.test,30456
457,Employee 00457,Operations,employee00457@example.test,30457
458,Employee 00458,Sales,employee00458@example.test,30458
459,Employee 00459,Support,employee00459@example.test,30459
460,Employee 00460,Engineering,employee00460@example.test,30460
461,Employee 00461,Finance,employee00461@example.test,30461
462,Employee 00462,Operations,employee00462@example.test,30462
463,Employee 00463,Sales,employee00463@example.test,30463
464,Employee 00464,Support,employee00464@example.test,30464
465,Employee 00465,Engineering,employee00465@example.test,30465
466,Employee 00466,Finance,employee00466@example.test,30466
467,Employee 00467,Operations,employee00467@example.test,30467
468,Employee 00468,Sales,employee00468@example.test,30468
469,Employee 00469,Support,employee00469@example.test,30469
470,Employee 00470,Engineering,employee00470@example.test,30470
471,Employee 00471,Finance,employee00471@example.test,30471
472,Employee 00472,Operations,employee00472@example.test,30472
473,Employee 00473,Sales,employee00473@example.test,30473
474,Employee 00474,Support,employee00474@example.test,30474
475,Employee 00475,Engineering,employee00475@example.test,30475
476,Employee 00476,Finance,employee00476@example.test,30476
477,Employee 00477,Operations,employee00477@example.test,30477
478,Employee 00478,Sales,employee00478@example.test,30478
479,Employee 00479,Support,employee00479@example.test,30479
480,Employee 00480,Engineering,employee00480@example.test,30480
481,Employee 00481,Finance,employee00481@example.test,30481
482,Employee 00482,Operations,employee00482@example.test,30482
483,Employee 00483,Sales,employee00483@example.test,30483
484,Employee 00484,Support,employee00484@example.test,30484
485,Employee 00485,Engineering,employee00485@example.test,30485
486,Employee 00486,Finance,employee00486@example.test,30486
487,Employee 00487,Operations,employee00487@example.test,30487
488,Employee 00488,Sales,employee00488@example.test,30488
489,Employee 00489,Support,employee00489@example.test,30489
490,Employee 00490,Engineering,employee00490@example.test,30490
491,Employee 00491,Finance,employee00491@example.test,30491
492,Employee 00492,Operations,employee00492@example.test,30492
493,Employee 00493,Sales,employee00493@example.test,30493
494,Employee 00494,Support,employee00494@example.test,30494
495,Employee 00495,Engineering,employee00495@example.test,30495
496,Employee 00496,Finance,employee00496@example.test,30496
497,Employee 00497,Operations,employee00497@example.test,30497
498,Employee 00498,Sales,employee00498@example.test,30498
499,Employee 00499,Support,employee00499@example.test,30499
500,Employee 00500,Engineering,employee00500@example.test,30500
501,Employee 00501,Finance,employee00501@example.test,30501
502,Employee 00502,Operations,employee00502@example.test,30502
503,Employee 00503,Sales,employee00503@example.test,30503
504,Employee 00504,Support,employee00504@example.test,30504
505,Employee 00505,Engineering,employee00505@example.test,30505
506,Employee 00506,Finance,employee00506@example.test,30506
507,Employee 00507,Operations,employee00507@example.test,30507
508,Employee 00508,Sales,employee00508@example.test,30508
509,Employee 00509,Support,employee00509@example.test,30509
510,Employee 00510,Engineering,employee00510@example.test,30510
511,Employee 00511,Finance,employee00511@example.test,30511
512,Employee 00512,Operations,employee00512@example.test,30512
513,Employee 00513,Sales,employee00513@example.test,30513
514,Employee 00514,Support,employee00514@example.test,30514
515,Employee 00515,Engineering,employee00515@example.test,30515
516,Employee 00516,Finance,employee00516@example.test,30516
517,Employee 00517,Operations,employee00517@example.test,30517
518,Employee 00518,Sales,employee00518@example.test,30518
519,Employee 00519,Support,employee00519@example.test,30519
520,Employee 00520,Engineering,employee00520@example.test,30520
521,Employee 00521,Finance,employee00521@example.test,30521
522,Employee 00522,Operations,employee00522@example.test,30522
523,Employee 00523,Sales,employee00523@example.test,30523
524,Employee 00524,Support,employee00524@example.test,30524
525,Employee 00525,Engineering,employee00525@example.test,30525
526,Employee 00526,Finance,employee00526@example.test,30526
527,Employee 00527,Operations,employee00527@example.test,30527
528,Employee 00528,Sales,employee00528@example.test,30528
529,Employee 00529,Support,employee00529@example.test,30529
530,Employee 00530,Engineering,employee00530@example.test,30530
531,Employee 00531,Finance,employee00531@example.test,30531
532,Employee 00532,Operations,employee00532@example.test,30532
533,Employee 00533,Sales,employee00533@example.test,30533
534,Employee 00534,Support,employee00534@example.test,30534
535,Employee 00535,Engineering,employee00535@example.test,30535
536,Employee 00536,Finance,employee00536@example.test,30536
537,Employee 00537,Operations,employee00537@example.test,30537
538,Employee 00538,Sales,employee00538@example.test,30538
539,Employee 00539,Support,employee00539@example.test,30539
540,Employee 00540,Engineering,employee00540@example.test,30540
541,Employee 00541,Finance,employee00541@example.test,30541
542,Employee 00542,Operations,employee00542@example.test,30542
543,Employee 00543,Sales,employee00543@example.test,30543
544,Employee 00544,Support,employee00544@example.test,30544
545,Employee 00545,Engineering,employee00545@example.test,30545
546,Employee 00546,Finance,employee00546@example.test,30546
547,Employee 00547,Operations,employee00547@example.test,30547
548,Employee 00548,Sales,employee00548@example.test,30548
549,Employee 00549,Support,employee00549@example.test,30549
550,Employee 00550,Engineering,employee00550@example.test,30550
551,Employee 00551,Finance,employee00551@example.test,30551
552,Employee 00552,Operations,employee00552@example.test,30552
553,Employee 00553,Sales,employee00553@example.test,30553
554,Employee 00554,Support,employee00554@example.test,30554
555,Employee 00555,Engineering,employee00555@example.test,30555
556,Employee 00556,Finance,employee00556@example.test,30556
557,Employee 00557,Operations,employee00557@example.test,30557
558,Employee 00558,Sales,employee00558@example.test,30558
559,Employee 00559,Support,employee00559@example.test,30559
560,Employee 00560,Engineering,employee00560@example.test,30560
561,Employee 00561,Finance,employee00561@example.test,30561
562,Employee 00562,Operations,employee00562@example.test,30562
563,Employee 00563,Sales,employee00563@example.test,30563
564,Employee 00564,Support,employee00564@example.test,30564
565,Employee 00565,Engineering,employee00565@example.test,30565
566,Employee 00566,Finance,employee00566@example.test,30566
567,Employee 00567,Operations,employee00567@example.test,30567
568,Employee 00568,Sales,employee00568@example.test,30568
569,Employee 00569,Support,employee00569@example.test,30569
570,Employee 00570,Engineering,employee00570@example.test,30570
571,Employee 00571,Finance,employee00571@example.test,30571
572,Employee 00572,Operations,employee00572@example.test,30572
573,Employee 00573,Sales,employee00573@example.test,30573
574,Employee 00574,Support,employee00574@example.test,30574
575,Employee 00575,Engineering,employee00575@example.test,30575
576,Employee 00576,Finance,employee00576@example.test,30576
577,Employee 00577,Operations,employee00577@example.test,30577
578,Employee 00578,Sales,employee00578@example.test,30578
579,Employee 00579,Support,employee00579@example.test,30579
580,Employee 00580,Engineering,employee00580@example.test,30580
581,Employee 00581,Finance,employee00581@example.test,30581
582,Employee 00582,Operations,employee00582@example.test,30582
583,Employee 00583,Sales,employee00583@example.test,30583
584,Employee 00584,Support,employee00584@example.test,30584
585,Employee 00585,Engineering,employee00585@example.test,30585
586,Employee 00586,Finance,employee00586@example.test,30586
587,Employee 00587,Operations,employee00587@example.test,30587
588,Employee 00588,Sales,employee00588@example.test,30588
589,Employee 00589,Support,employee00589@example.test,30589
590,Employee 00590,Engineering,employee00590@example.test,30590
591,Employee 00591,Finance,employee00591@example.test,30591
592,Employee 00592,Operations,employee00592@example.test,30592
593,Employee 00593,Sales,employee00593@example.test,30593
594,Employee 00594,Support,employee00594@example.test,30594
595,Employee 00595,Engineering,employee00595@example.test,30595
596,Employee 00596,Finance,employee00596@example.test,30596
597,Employee 00597,Operations,employee00597@example.test,30597
598,Employee 00598,Sales,employee00598@example.test,30598
599,Employee 00599,Support,employee00599@example.test,30599
600,Employee 00600,Engineering,employee00600@example.test,30600
601,Employee 00601,Finance,employee00601@example.test,30601
602,Employee 00602,Operations,employee00602@example.test,30602
603,Employee 00603,Sales,employee00603@example.test,30603
604,Employee 00604,Support,employee00604@example.test,30604
605,Employee 00605,Engineering,employee00605@example.test,30605
606,Employee 00606,Finance,employee00606@example.test,30606
607,Employee 00607,Operations,employee00607@example.test,30607
608,Employee 00608,Sales,employee00608@example.test,30608
609,Employee 00609,Support,employee00609@example.test,30609
610,Employee 00610,Engineering,employee00610@example.test,30610
611,Employee 00611,Finance,employee00611@example.test,30611
612,Employee 00612,Operations,employee00612@example.test,30612
613,Employee 00613,Sales,employee00613@example.test,30613
614,Employee 00614,Support,employee00614@example.test,30614
615,Employee 00615,Engineering,employee00615@example.test,30615
616,Employee 00616,Finance,employee00616@example.test,30616
617,Employee 00617,Operations,employee00617@example.test,30617
618,Employee 00618,Sales,employee00618@example.test,30618
619,Employee 00619,Support,employee00619@example.test,30619
620,Employee 00620,Engineering,employee00620@example.test,30620
621,Employee 00621,Finance,employee00621@example.test,30621
622,Employee 00622,Operations,employee00622@example.test,30622
623,Employee 00623,Sales,employee00623@example.test,30623
624,Employee 00624,Support,employee00624@example.test,30624
625,Employee 00625,Engineering,employee00625@example.test,30625
626,Employee 00626,Finance,employee00626@example.test,30626
627,Employee 00627,Operations,employee00627@example.test,30627
628,Employee 00628,Sales,employee00628@example.test,30628
629,Employee 00629,Support,employee00629@example.test,30629
630,Employee 00630,Engineering,employee00630@example.test,30630
631,Employee 00631,Finance,employee00631@example.test,30631
632,Employee 00632,Operations,employee00632@example.test,30632
633,Employee 00633,Sales,employee00633@example.test,30633
634,Employee 00634,Support,employee00634@example.test,30634
635,Employee 00635,Engineering,employee00635@example.test,30635
636,Employee 00636,Finance,employee00636@example.test,30636
637,Employee 00637,Operations,employee00637@example.test,30637
638,Employee 00638,Sales,employee00638@example.test,30638
639,Employee 00639,Support,employee00639@example.test,30639
640,Employee 00640,Engineering,employee00640@example.test,30640
641,Employee 00641,Finance,employee00641@example.test,30641
642,Employee 00642,Operations,employee00642@example.test,30642
643,Employee 00643,Sales,employee00643@example.test,30643
644,Employee 00644,Support,employee00644@example.test,30644
645,Employee 00645,Engineering,employee00645@example.test,30645
646,Employee 00646,Finance,employee00646@example.test,30646
647,Employee 00647,Operations,employee00647@example.test,30647
648,Employee 00648,Sales,employee00648@example.test,30648
649,Employee 00649,Support,employee00649@example.test,30649
650,Employee 00650,Engineering,employee00650@example.test,30650
651,Employee 00651,Finance,employee00651@example.test,30651
652,Employee 00652,Operations,employee00652@example.test,30652
653,Employee 00653,Sales,employee00653@example.test,30653
654,Employee 00654,Support,employee00654@example.test,30654
655,Employee 00655,Engineering,employee00655@example.test,30655
656,Employee 00656,Finance,employee00656@example.test,30656
657,Employee 00657,Operations,employee00657@example.test,30657
658,Employee 00658,Sales,employee00658@example.test,30658
659,Employee 00659,Support,employee00659@example.test,30659
660,Employee 00660,Engineering,employee00660@example.test,30660
661,Employee 00661,Finance,employee00661@example.test,30661
662,Employee 00662,Operations,employee00662@example.test,30662
663,Employee 00663,Sales,employee00663@example.test,30663
664,Employee 00664,Support,employee00664@example.test,30664
665,Employee 00665,Engineering,employee00665@example.test,30665
666,Employee 00666,Finance,employee00666@example.test,30666
667,Employee 00667,Operations,employee00667@example.test,30667
668,Employee 00668,Sales,employee00668@example.test,30668
669,Employee 00669,Support,employee00669@example.test,30669
670,Employee 00670,Engineering,employee00670@example.test,30670
671,Employee 00671,Finance,employee00671@example.test,30671
672,Employee 00672,Operations,employee00672@example.test,30672
673,Employee 00673,Sales,employee00673@example.test,30673
674,Employee 00674,Support,employee00674@example.test,30674
675,Employee 00675,Engineering,employee00675@example.test,30675
676,Employee 00676,Finance,employee00676@example.test,30676
677,Employee 00677,Operations,employee00677@example.test,30677
678,Employee 00678,Sales,employee00678@example.test,30678
679,Employee 00679,Support,employee00679@example.test,30679
680,Employee 00680,Engineering,employee00680@example.test,30680
681,Employee 00681,Finance,employee00681@example.test,30681
682,Employee 00682,Operations,employee00682@example.test,30682
683,Employee 00683,Sales,employee00683@example.test,30683
684,Employee 00684,Support,employee00684@example.test,30684
685,Employee 00685,Engineering,employee00685@example.test,30685
686,Employee 00686,Finance,employee00686@example.test,30686
687,Employee 00687,Operations,employee00687@example.test,30687
688,Employee 00688,Sales,employee00688@example.test,30688
689,Employee 00689,Support,employee00689@example.test,30689
690,Employee 00690,Engineering,employee00690@example.test,30690
691,Employee 00691,Finance,employee00691@example.test,30691
692,Employee 00692,Operations,employee00692@example.test,30692
693,Employee 00693,Sales,employee00693@example.test,30693
694,Employee 00694,Support,employee00694@example.test,30694
695,Employee 00695,Engineering,employee00695@example.test,30695
696,Employee 00696,Finance,employee00696@example.test,30696
697,Employee 00697,Operations,employee00697@example.test,30697
698,Employee 00698,Sales,employee00698@example.test,30698
699,Employee 00699,Support,employee00699@example.test,30699
700,Employee 00700,Engineering,employee00700@example.test,30700
701,Employee 00701,Finance,employee00701@example.test,30701
702,Employee 00702,Operations,employee00702@example.test,30702
703,Employee 00703,Sales,employee00703@example.test,30703
704,Employee 00704,Support,employee00704@example.test,30704
705,Employee 00705,Engineering,employee00705@example.test,30705
706,Employee 00706,Finance,employee00706@example.test,30706
707,Employee 00707,Operations,employee00707@example.test,30707
708,Employee 00708,Sales,employee00708@example.test,30708
709,Employee 00709,Support,employee00709@example.test,30709
710,Employee 00710,Engineering,employee00710@example.test,30710
711,Employee 00711,Finance,employee00711@example.test,30711
712,Employee 00712,Operations,employee00712@example.test,30712
713,Employee 00713,Sales,employee00713@example.test,30713
714,Employee 00714,Support,employee00714@example.test,30714
715,Employee 00715,Engineering,employee00715@example.test,30715
716,Employee 00716,Finance,employee00716@example.test,30716
717,Employee 00717,Operations,employee00717@example.test,30717
718,Employee 00718,Sales,employee00718@example.test,30718
719,Employee 00719,Support,employee00719@example.test,30719
720,Employee 00720,Engineering,employee00720@example.test,30720
721,Employee 00721,Finance,employee00721@example.test,30721
722,Employee 00722,Operations,employee00722@example.test,30722
723,Employee 00723,Sales,employee00723@example.test,30723
724,Employee 00724,Support,employee00724@example.test,30724
725,Employee 00725,Engineering,employee00725@example.test,30725
726,Employee 00726,Finance,employee00726@example.test,30726
727,Employee 00727,Operations,employee00727@example.test,30727
728,Employee 00728,Sales,employee00728@example.test,30728
729,Employee 00729,Support,employee00729@example.test,30729
730,Employee 00730,Engineering,employee00730@example.test,30730
731,Employee 00731,Finance,employee00731@example.test,30731
732,Employee 00732,Operations,employee00732@example.test,30732
733,Employee 00733,Sales,employee00733@example.test,30733
734,Employee 00734,Support,employee00734@example.test,30734
735,Employee 00735,Engineering,employee00735@example.test,30735
736,Employee 00736,Finance,employee00736@example.test,30736
737,Employee 00737,Operations,employee00737@example.test,30737
738,Employee 00738,Sales,employee00738@example.test,30738
739,Employee 00739,Support,employee00739@example.test,30739
740,Employee 00740,Engineering,employee00740@example.test,30740
741,Employee 00741,Finance,employee00741@example.test,30741
742,Employee 00742,Operations,employee00742@example.test,30742
743,Employee 00743,Sales,employee00743@example.test,30743
744,Employee 00744,Support,employee00744@example.test,30744
745,Employee 00745,Engineering,employee00745@example.test,30745
746,Employee 00746,Finance,employee00746@example.test,30746
747,Employee 00747,Operations,employee00747@example.test,30747
748,Employee 00748,Sales,employee00748@example.test,30748
749,Employee 00749,Support,employee00749@example.test,30749
750,Employee 00750,Engineering,employee00750@example.test,30750
751,Employee 00751,Finance,employee00751@example.test,30751
752,Employee 00752,Operations,employee00752@example.test,30752
753,Employee 00753,Sales,employee00753@example.test,30753
754,Employee 00754,Support,employee00754@example.test,30754
755,Employee 00755,Engineering,employee00755@example.test,30755
756,Employee 00756,Finance,employee00756@example.test,30756
757,Employee 00757,Operations,employee00757@example.test,30757
758,Employee 00758,Sales,employee00758@example.test,30758
759,Employee 00759,Support,employee00759@example.test,30759
760,Employee 00760,Engineering,employee00760@example.test,30760
761,Employee 00761,Finance,employee00761@example.test,30761
762,Employee 00762,Operations,employee00762@example.test,30762
763,Employee 00763,Sales,employee00763@example.test,30763
764,Employee 00764,Support,employee00764@example.test,30764
765,Employee 00765,Engineering,employee00765@example.test,30765
766,Employee 00766,Finance,employee00766@example.test,30766
767,Employee 00767,Operations,employee00767@example.test,30767
768,Employee 00768,Sales,employee00768@example.test,30768
769,Employee 00769,Support,employee00769@example.test,30769
770,Employee 00770,Engineering,employee00770@example.test,30770
771,Employee 00771,Finance,employee00771@example.test,30771
772,Employee 00772,Operations,employee00772@example.test,30772
773,Employee 00773,Sales,employee00773@example.test,30773
774,Employee 00774,Support,employee00774@example.test,30774
775,Employee 00775,Engineering,employee00775@example.test,30775
776,Employee 00776,Finance,employee00776@example.test,30776
777,Employee 00777,Operations,employee00777@example.test,30777
778,Employee 00778,Sales,employee00778@example.test,30778
779,Employee 00779,Support,employee00779@example.test,30779
780,Employee 00780,Engineering,employee00780@example.test,30780
781,Employee 00781,Finance,employee00781@example.test,30781
782,Employee 00782,Operations,employee00782@example.test,30782
783,Employee 00783,Sales,employee00783@example.test,30783
784,Employee 00784,Support,employee00784@example.test,30784
785,Employee 00785,Engineering,employee00785@example.test,30785
786,Employee 00786,Finance,employee00786@example.test,30786
787,Employee 00787,Operations,employee00787@example.test,30787
788,Employee 00788,Sales,employee00788@example.test,30788
789,Employee 00789,Support,employee00789@example.test,30789
790,Employee 00790,Engineering,employee00790@example.test,30790
791,Employee 00791,Finance,employee00791@example.test,30791
792,Employee 00792,Operations,employee00792@example.test,30792
793,Employee 00793,Sales,employee00793@example.test,30793
794,Employee 00794,Support,employee00794@example.test,30794
795,Employee 00795,Engineering,employee00795@example.test,30795
796,Employee 00796,Finance,employee00796@example.test,30796
797,Employee 00797,Operations,employee00797@example.test,30797
798,Employee 00798,Sales,employee00798@example.test,30798
799,Employee 00799,Support,employee00799@example.test,30799
800,Employee 00800,Engineering,employee00800@example.test,30800
801,Employee 00801,Finance,employee00801@example.test,30801
802,Employee 00802,Operations,employee00802@example.test,30802
803,Employee 00803,Sales,employee00803@example.test,30803
804,Employee 00804,Support,employee00804@example.test,30804
805,Employee 00805,Engineering,employee00805@example.test,30805
806,Employee 00806,Finance,employee00806@example.test,30806
807,Employee 00807,Operations,employee00807@example.test,30807
808,Employee 00808,Sales,employee00808@example.test,30808
809,Employee 00809,Support,employee00809@example.test,30809
810,Employee 00810,Engineering,employee00810@example.test,30810
811,Employee 00811,Finance,employee00811@example.test,30811
812,Employee 00812,Operations,employee00812@example.test,30812
813,Employee 00813,Sales,employee00813@example.test,30813
814,Employee 00814,Support,employee00814@example.test,30814
815,Employee 00815,Engineering,employee00815@example.test,30815
816,Employee 00816,Finance,employee00816@example.test,30816
817,Employee 00817,Operations,employee00817@example.test,30817
818,Employee 00818,Sales,employee00818@example.test,30818
819,Employee 00819,Support,employee00819@example.test,30819
820,Employee 00820,Engineering,employee00820@example.test,30820
821,Employee 00821,Finance,employee00821@example.test,30821
822,Employee 00822,Operations,employee00822@example.test,30822
823,Employee 00823,Sales,employee00823@example.test,30823
824,Employee 00824,Support,employee00824@example.test,30824
825,Employee 00825,Engineering,employee00825@example.test,30825
826,Employee 00826,Finance,employee00826@example.test,30826
827,Employee 00827,Operations,employee00827@example.test,30827
828,Employee 00828,Sales,employee00828@example.test,30828
829,Employee 00829,Support,employee00829@example.test,30829
830,Employee 00830,Engineering,employee00830@example.test,30830
831,Employee 00831,Finance,employee00831@example.test,30831
832,Employee 00832,Operations,employee00832@example.test,30832
833,Employee 00833,Sales,employee00833@example.test,30833
834,Employee 00834,Support,employee00834@example.test,30834
835,Employee 00835,Engineering,employee00835@example.test,30835
836,Employee 00836,Finance,employee00836@example.test,30836
837,Employee 00837,Operations,employee00837@example.test,30837
838,Employee 00838,Sales,employee00838@example.test,30838
839,Employee 00839,Support,employee00839@example.test,30839
840,Employee 00840,Engineering,employee00840@example.test,30840
841,Employee 00841,Finance,employee00841@example.test,30841
842,Employee 00842,Operations,employee00842@example.test,30842
843,Employee 00843,Sales,employee00843@example.test,30843
844,Employee 00844,Support,employee00844@example.test,30844
845,Employee 00845,Engineering,employee00845@example.test,30845
846,Employee 00846,Finance,employee00846@example.test,30846
847,Employee 00847,Operations,employee00847@example.test,30847
848,Employee 00848,Sales,employee00848@example.test,30848
849,Employee 00849,Support,employee00849@example.test,30849
850,Employee 00850,Engineering,employee00850@example.test,30850
851,Employee 00851,Finance,employee00851@example.test,30851
852,Employee 00852,Operations,employee00852@example.test,30852
853,Employee 00853,Sales,employee00853@example.test,30853
854,Employee 00854,Support,employee00854@example.test,30854
855,Employee 00855,Engineering,employee00855@example.test,30855
856,Employee 00856,Finance,employee00856@example.test,30856
857,Employee 00857,Operations,employee00857@example.test,30857
858,Employee 00858,Sales,employee00858@example.test,30858
859,Employee 00859,Support,employee00859@example.test,30859
860,Employee 00860,Engineering,employee00860@example.test,30860
861,Employee 00861,Finance,employee00861@example.test,30861
862,Employee 00862,Operations,employee00862@example.test,30862
863,Employee 00863,Sales,employee00863@example.test,30863
864,Employee 00864,Support,employee00864@example.test,30864
865,Employee 00865,Engineering,employee00865@example.test,30865
866,Employee 00866,Finance,employee00866@example.test,30866
867,Employee 00867,Operations,employee00867@example.test,30867
868,Employee 00868,Sales,employee00868@example.test,30868
869,Employee 00869,Support,employee00869@example.test,30869
870,Employee 00870,Engineering,employee00870@example.test,30870
871,Employee 00871,Finance,employee00871@example.test,30871
872,Employee 00872,Operations,employee00872@example.test,30872
873,Employee 00873,Sales,employee00873@example.test,30873
874,Employee 00874,Support,employee00874@example.test,30874
875,Employee 00875,Engineering,employee00875@example.test,30875
876,Employee 00876,Finance,employee00876@example.test,30876
877,Employee 00877,Operations,employee00877@example.test,30877
878,Employee 00878,Sales,employee00878@example.test,30878
879,Employee 00879,Support,employee00879@example.test,30879
880,Employee 00880,Engineering,employee00880@example.test,30880
881,Employee 00881,Finance,employee00881@example.test,30881
882,Employee 00882,Operations,employee00882@example.test,30882
883,Employee 00883,Sales,employee00883@example.test,30883
884,Employee 00884,Support,employee00884@example.test,30884
885,Employee 00885,Engineering,employee00885@example.test,30885
886,Employee 00886,Finance,employee00886@example.test,30886
887,Employee 00887,Operations,employee00887@example.test,30887
888,Employee 00888,Sales,employee00888@example.test,30888
889,Employee 00889,Support,employee00889@example.test,30889
890,Employee 00890,Engineering,employee00890@example.test,30890
891,Employee 00891,Finance,employee00891@example.test,30891
892,Employee 00892,Operations,employee00892@example.test,30892
893,Employee 00893,Sales,employee00893@example.test,30893
894,Employee 00894,Support,employee00894@example.test,30894
895,Employee 00895,Engineering,employee00895@example.test,30895
896,Employee 00896,Finance,employee00896@example.test,30896
897,Employee 00897,Operations,employee00897@example.test,30897
898,Employee 00898,Sales,employee00898@example.test,30898
899,Employee 00899,Support,employee00899@example.test,30899
900,Employee 00900,Engineering,employee00900@example.test,30900
901,Employee 00901,Finance,employee00901@example.test,30901
902,Employee 00902,Operations,employee00902@example.test,30902
903,Employee 00903,Sales,employee00903@example.test,30903
904,Employee 00904,Support,employee00904@example.test,30904
905,Employee 00905,Engineering,employee00905@example.test,30905
906,Employee 00906,Finance,employee00906@example.test,30906
907,Employee 00907,Operations,employee00907@example.test,30907
908,Employee 00908,Sales,employee00908@example.test,30908
909,Employee 00909,Support,employee00909@example.test,30909
910,Employee 00910,Engineering,employee00910@example.test,30910
911,Employee 00911,Finance,employee00911@example.test,30911
912,Employee 00912,Operations,employee00912@example.test,30912
913,Employee 00913,Sales,employee00913@example.test,30913
914,Employee 00914,Support,employee00914@example.test,30914
915,Employee 00915,Engineering,employee00915@example.test,30915
916,Employee 00916,Finance,employee00916@example.test,30916
917,Employee 00917,Operations,employee00917@example.test,30917
918,Employee 00918,Sales,employee00918@example.test,30918
919,Employee 00919,Support,employee00919@example.test,30919
920,Employee 00920,Engineering,employee00920@example.test,30920
921,Employee 00921,Finance,employee00921@example.test,30921
922,Employee 00922,Operations,employee00922@example.test,30922
923,Employee 00923,Sales,employee00923@example.test,30923
924,Employee 00924,Support,employee00924@example.test,30924
925,Employee 00925,Engineering,employee00925@example.test,30925
926,Employee 00926,Finance,employee00926@example.test,30926
927,Employee 00927,Operations,employee00927@example.test,30927
928,Employee 00928,Sales,employee00928@example.test,30928
929,Employee 00929,Support,employee00929@example.test,30929
930,Employee 00930,Engineering,employee00930@example.test,30930
931,Employee 00931,Finance,employee00931@example.test,30931
932,Employee 00932,Operations,employee00932@example.test,30932
933,Employee 00933,Sales,employee00933@example.test,30933
934,Employee 00934,Support,employee00934@example.test,30934
935,Employee 00935,Engineering,employee00935@example.test,30935
936,Employee 00936,Finance,employee00936@example.test,30936
937,Employee 00937,Operations,employee00937@example.test,30937
938,Employee 00938,Sales,employee00938@example.test,30938
939,Employee 00939,Support,employee00939@example.test,30939
940,Employee 00940,Engineering,employee00940@example.test,30940
941,Employee 00941,Finance,employee00941@example.test,30941
942,Employee 00942,Operations,employee00942@example.test,30942
943,Employee 00943,Sales,employee00943@example.test,30943
944,Employee 00944,Support,employee00944@example.test,30944
945,Employee 00945,Engineering,employee00945@example.test,30945
946,Employee 00946,Finance,employee00946@example.test,30946
947,Employee 00947,Operations,employee00947@example.test,30947
948,Employee 00948,Sales,employee00948@example.test,30948
949,Employee 00949,Support,employee00949@example.test,30949
950,Employee 00950,Engineering,employee00950@example.test,30950
951,Employee 00951,Finance,employee00951@example.test,30951
952,Employee 00952,Operations,employee00952@example.test,30952
953,Employee 00953,Sales,employee00953@example.test,30953
954,Employee 00954,Support,employee00954@example.test,30954
955,Employee 00955,Engineering,employee00955@example.test,30955
956,Employee 00956,Finance,employee00956@example.test,30956
957,Employee 00957,Operations,employee00957@example.test,30957
958,Employee 00958,Sales,employee00958@example.test,30958
959,Employee 00959,Support,employee00959@example.test,30959
960,Employee 00960,Engineering,employee00960@example.test,30960
961,Employee 00961,Finance,employee00961@example.test,30961
962,Employee 00962,Operations,employee00962@example.test,30962
963,Employee 00963,Sales,employee00963@example.test,30963
964,Employee 00964,Support,employee00964@example.test,30964
965,Employee 00965,Engineering,employee00965@example.test,30965
966,Employee 00966,Finance,employee00966@example.test,30966
967,Employee 00967,Operations,employee00967@example.test,30967
968,Employee 00968,Sales,employee00968@example.test,30968
969,Employee 00969,Support,employee00969@example.test,30969
970,Employee 00970,Engineering,employee00970@example.test,30970
971,Employee 00971,Finance,employee00971@example.test,30971
972,Employee 00972,Operations,employee00972@example.test,30972
973,Employee 00973,Sales,employee00973@example.test,30973
974,Employee 00974,Support,employee00974@example.test,30974
975,Employee 00975,Engineering,employee00975@example.test,30975
976,Employee 00976,Finance,employee00976@example.test,30976
977,Employee 00977,Operations,employee00977@example.test,30977
978,Employee 00978,Sales,employee00978@example.test,30978
979,Employee 00979,Support,employee00979@example.test,30979
980,Employee 00980,Engineering,employee00980@example.test,30980
981,Employee 00981,Finance,employee00981@example.test,30981
982,Employee 00982,Operations,employee00982@example.test,30982
983,Employee 00983,Sales,employee00983@example.test,30983
984,Employee 00984,Support,employee00984@example.test,30984
985,Employee 00985,Engineering,employee00985@example.test,30985
986,Employee 00986,Finance,employee00986@example.test,30986
987,Employee 00987,Operations,employee00987@example.test,30987
988,Employee 00988,Sales,employee00988@example.test,30988
989,Employee 00989,Support,employee00989@example.test,30989
990,Employee 00990,Engineering,employee00990@example.test,30990
991,Employee 00991,Finance,employee00991@example.test,30991
992,Employee 00992,Operations,employee00992@example.test,30992
993,Employee 00993,Sales,employee00993@example.test,30993
994,Employee 00994,Support,employee00994@example.test,30994
995,Employee 00995,Engineering,employee00995@example.test,30995
996,Employee 00996,Finance,employee00996@example.test,30996
997,Employee 00997,Operations,employee00997@example.test,30997
998,Employee 00998,Sales,employee00998@example.test,30998
999,Employee 00999,Support,employee00999@example.test,30999
1000,Employee 01000,Engineering,employee01000@example.test,31000
1001,Employee 01001,Finance,employee01001@example.test,31001
1002,Employee 01002,Operations,employee01002@example.test,31002
1003,Employee 01003,Sales,employee01003@example.test,31003
1004,Employee 01004,Support,employee01004@example.test,31004
1005,Employee 01005,Engineering,employee01005@example.test,31005
1006,Employee 01006,Finance,employee01006@example.test,31006
1007,Employee 01007,Operations,employee01007@example.test,31007
1008,Employee 01008,Sales,employee01008@example.test,31008
1009,Employee 01009,Support,employee01009@example.test,31009
1010,Employee 01010,Engineering,employee01010@example.test,31010
1011,Employee 01011,Finance,employee01011@example.test,31011
1012,Employee 01012,Operations,employee01012@example.test,31012
1013,Employee 01013,Sales,employee01013@example.test,31013
1014,Employee 01014,Support,employee01014@example.test,31014
1015,Employee 01015,Engineering,employee01015@example.test,31015
1016,Employee 01016,Finance,employee01016@example.test,31016
1017,Employee 01017,Operations,employee01017@example.test,31017
1018,Employee 01018,Sales,employee01018@example.test,31018
1019,Employee 01019,Support,employee01019@example.test,31019
1020,Employee 01020,Engineering,employee01020@example.test,31020
1021,Employee 01021,Finance,employee01021@example.test,31021
1022,Employee 01022,Operations,employee01022@example.test,31022
1023,Employee 01023,Sales,employee01023@example.test,31023
1024,Employee 01024,Support,employee01024@example.test,31024
1025,Employee 01025,Engineering,employee01025@example.test,31025
1026,Employee 01026,Finance,employee01026@example.test,31026
1027,Employee 01027,Operations,employee01027@example.test,31027
1028,Employee 01028,Sales,employee01028@example.test,31028
1029,Employee 01029,Support,employee01029@example.test,31029
1030,Employee 01030,Engineering,employee01030@example.test,31030
1031,Employee 01031,Finance,employee01031@example.test,31031
1032,Employee 01032,Operations,employee01032@example.test,31032
1033,Employee 01033,Sales,employee01033@example.test,31033
1034,Employee 01034,Support,employee01034@example.test,31034
1035,Employee 01035,Engineering,employee01035@example.test,31035
1036,Employee 01036,Finance,employee01036@example.test,31036
1037,Employee 01037,Operations,employee01037@example.test,31037
1038,Employee 01038,Sales,employee01038@example.test,31038
1039,Employee 01039,Support,employee01039@example.test,31039
1040,Employee 01040,Engineering,employee01040@example.test,31040
1041,Employee 01041,Finance,employee01041@example.test,31041
1042,Employee 01042,Operations,employee01042@example.test,31042
1043,Employee 01043,Sales,employee01043@example.test,31043
1044,Employee 01044,Support,employee01044@example.test,31044
1045,Employee 01045,Engineering,employee01045@example.test,31045
1046,Employee 01046,Finance,employee01046@example.test,31046
1047,Employee 01047,Operations,employee01047@example.test,31047
1048,Employee 01048,Sales,employee01048@example.test,31048
1049,Employee 01049,Support,employee01049@example.test,31049
1050,Employee 01050,Engineering,employee01050@example.test,31050
1051,Employee 01051,Finance,employee01051@example.test,31051
1052,Employee 01052,Operations,employee01052@example.test,31052
1053,Employee 01053,Sales,employee01053@example.test,31053
1054,Employee 01054,Support,employee01054@example.test,31054
1055,Employee 01055,Engineering,employee01055@example.test,31055
1056,Employee 01056,Finance,employee01056@example.test,31056
1057,Employee 01057,Operations,employee01057@example.test,31057
1058,Employee 01058,Sales,employee01058@example.test,31058
1059,Employee 01059,Support,employee01059@example.test,31059
1060,Employee 01060,Engineering,employee01060@example.test,31060
1061,Employee 01061,Finance,employee01061@example.test,31061
1062,Employee 01062,Operations,employee01062@example.test,31062
1063,Employee 01063,Sales,employee01063@example.test,31063
1064,Employee 01064,Support,employee01064@example.test,31064
1065,Employee 01065,Engineering,employee01065@example.test,31065
1066,Employee 01066,Finance,employee01066@example.test,31066
1067,Employee 01067,Operations,employee01067@example.test,31067
1068,Employee 01068,Sales,employee01068@example.test,31068
1069,Employee 01069,Support,employee01069@example.test,31069
1070,Employee 01070,Engineering,employee01070@example.test,31070
1071,Employee 01071,Finance,employee01071@example.test,31071
1072,Employee 01072,Operations,employee01072@example.test,31072
1073,Employee 01073,Sales,employee01073@example.test,31073
1074,Employee 01074,Support,employee01074@example.test,31074
1075,Employee 01075,Engineering,employee01075@example.test,31075
1076,Employee 01076,Finance,employee01076@example.test,31076
1077,Employee 01077,Operations,employee01077@example.test,31077
1078,Employee 01078,Sales,employee01078@example.test,31078
1079,Employee 01079,Support,employee01079@example.test,31079
1080,Employee 01080,Engineering,employee01080@example.test,31080
1081,Employee 01081,Finance,employee01081@example.test,31081
1082,Employee 01082,Operations,employee01082@example.test,31082
1083,Employee 01083,Sales,employee01083@example.test,31083
1084,Employee 01084,Support,employee01084@example.test,31084
1085,Employee 01085,Engineering,employee01085@example.test,31085
1086,Employee 01086,Finance,employee01086@example.test,31086
1087,Employee 01087,Operations,employee01087@example.test,31087
1088,Employee 01088,Sales,employee01088@example.test,31088
1089,Employee 01089,Support,employee01089@example.test,31089
1090,Employee 01090,Engineering,employee01090@example.test,31090
1091,Employee 01091,Finance,employee01091@example.test,31091
1092,Employee 01092,Operations,employee01092@example.test,31092
1093,Employee 01093,Sales,employee01093@example.test,31093
1094,Employee 01094,Support,employee01094@example.test,31094
1095,Employee 01095,Engineering,employee01095@example.test,31095
1096,Employee 01096,Finance,employee01096@example.test,31096
1097,Employee 01097,Operations,employee01097@example.test,31097
1098,Employee 01098,Sales,employee01098@example.test,31098
1099,Employee 01099,Support,employee01099@example.test,31099
1100,Employee 01100,Engineering,employee01100@example.test,31100
1101,Employee 01101,Finance,employee01101@example.test,31101
1102,Employee 01102,Operations,employee01102@example.test,31102
1103,Employee 01103,Sales,employee01103@example.test,31103
1104,Employee 01104,Support,employee01104@example.test,31104
1105,Employee 01105,Engineering,employee01105@example.test,31105
1106,Employee 01106,Finance,employee01106@example.test,31106
1107,Employee 01107,Operations,employee01107@example.test,31107
1108,Employee 01108,Sales,employee01108@example.test,31108
1109,Employee 01109,Support,employee01109@example.test,31109
1110,Employee 01110,Engineering,employee01110@example.test,31110
1111,Employee 01111,Finance,employee01111@example.test,31111
1112,Employee 01112,Operations,employee01112@example.test,31112
1113,Employee 01113,Sales,employee01113@example.test,31113
1114,Employee 01114,Support,employee01114@example.test,31114
1115,Employee 01115,Engineering,employee01115@example.test,31115
1116,Employee 01116,Finance,employee01116@example.test,31116
1117,Employee 01117,Operations,employee01117@example.test,31117
1118,Employee 01118,Sales,employee01118@example.test,31118
1119,Employee 01119,Support,employee01119@example.test,31119
1120,Employee 01120,Engineering,employee01120@example.test,31120
1121,Employee 01121,Finance,employee01121@example.test,31121
1122,Employee 01122,Operations,employee01122@example.test,31122
1123,Employee 01123,Sales,employee01123@example.test,31123
1124,Employee 01124,Support,employee01124@example.test,31124
1125,Employee 01125,Engineering,employee01125@example.test,31125
1126,Employee 01126,Finance,employee01126@example.test,31126
1127,Employee 01127,Operations,employee01127@example.test,31127
1128,Employee 01128,Sales,employee01128@example.test,31128
1129,Employee 01129,Support,employee01129@example.test,31129
1130,Employee 01130,Engineering,employee01130@example.test,31130
1131,Employee 01131,Finance,employee01131@example.test,31131
1132,Employee 01132,Operations,employee01132@example.test,31132
1133,Employee 01133,Sales,employee01133@example.test,31133
1134,Employee 01134,Support,employee01134@example.test,31134
1135,Employee 01135,Engineering,employee01135@example.test,31135
1136,Employee 01136,Finance,employee01136@example.test,31136
1137,Employee 01137,Operations,employee01137@example.test,31137
1138,Employee 01138,Sales,employee01138@example.test,31138
1139,Employee 01139,Support,employee01139@example.test,31139
1140,Employee 01140,Engineering,employee01140@example.test,31140
1141,Employee 01141,Finance,employee01141@example.test,31141
1142,Employee 01142,Operations,employee01142@example.test,31142
1143,Employee 01143,Sales,employee01143@example.test,31143
1144,Employee 01144,Support,employee01144@example.test,31144
1145,Employee 01145,Engineering,employee01145@example.test,31145
1146,Employee 01146,Finance,employee01146@example.test,31146
1147,Employee 01147,Operations,employee01147@example.test,31147
1148,Employee 01148,Sales,employee01148@example.test,31148
1149,Employee 01149,Support,employee01149@example.test,31149
1150,Employee 01150,Engineering,employee01150@example.test,31150
1151,Employee 01151,Finance,employee01151@example.test,31151
1152,Employee 01152,Operations,employee01152@example.test,31152
1153,Employee 01153,Sales,employee01153@example.test,31153
1154,Employee 01154,Support,employee01154@example.test,31154
1155,Employee 01155,Engineering,employee01155@example.test,31155
1156,Employee 01156,Finance,employee01156@example.test,31156
1157,Employee 01157,Operations,employee01157@example.test,31157
1158,Employee 01158,Sales,employee01158@example.test,31158
1159,Employee 01159,Support,employee01159@example.test,31159
1160,Employee 01160,Engineering,employee01160@example.test,31160
1161,Employee 01161,Finance,employee01161@example.test,31161
1162,Employee 01162,Operations,employee01162@example.test,31162
1163,Employee 01163,Sales,employee01163@example.test,31163
1164,Employee 01164,Support,employee01164@example.test,31164
1165,Employee 01165,Engineering,employee01165@example.test,31165
1166,Employee 01166,Finance,employee01166@example.test,31166
1167,Employee 01167,Operations,employee01167@example.test,31167
1168,Employee 01168,Sales,employee01168@example.test,31168
1169,Employee 01169,Support,employee01169@example.test,31169
1170,Employee 01170,Engineering,employee01170@example.test,31170
1171,Employee 01171,Finance,employee01171@example.test,31171
1172,Employee 01172,Operations,employee01172@example.test,31172
1173,Employee 01173,Sales,employee01173@example.test,31173
1174,Employee 01174,Support,employee01174@example.test,31174
1175,Employee 01175,Engineering,employee01175@example.test,31175
1176,Employee 01176,Finance,employee01176@example.test,31176
1177,Employee 01177,Operations,employee01177@example.test,31177
1178,Employee 01178,Sales,employee01178@example.test,31178
1179,Employee 01179,Support,employee01179@example.test,31179
1180,Employee 01180,Engineering,employee01180@example.test,31180
1181,Employee 01181,Finance,employee01181@example.test,31181
1182,Employee 01182,Operations,employee01182@example.test,31182
1183,Employee 01183,Sales,employee01183@example.test,31183
1184,Employee 01184,Support,employee01184@example.test,31184
1185,Employee 01185,Engineering,employee01185@example.test,31185
1186,Employee 01186,Finance,employee01186@example.test,31186
1187,Employee 01187,Operations,employee01187@example.test,31187
1188,Employee 01188,Sales,employee01188@example.test,31188
1189,Employee 01189,Support,employee01189@example.test,31189
1190,Employee 01190,Engineering,employee01190@example.test,31190
1191,Employee 01191,Finance,employee01191@example.test,31191
1192,Employee 01192,Operations,employee01192@example.test,31192
1193,Employee 01193,Sales,employee01193@example.test,31193
1194,Employee 01194,Support,employee01194@example.test,31194
1195,Employee 01195,Engineering,employee01195@example.test,31195
1196,Employee 01196,Finance,employee01196@example.test,31196
1197,Employee 01197,Operations,employee01197@example.test,31197
1198,Employee 01198,Sales,employee01198@example.test,31198
1199,Employee 01199,Support,employee01199@example.test,31199
1200,Employee 01200,Engineering,employee01200@example.test,31200
1201,Employee 01201,Finance,employee01201@example.test,31201
1202,Employee 01202,Operations,employee01202@example.test,31202
1203,Employee 01203,Sales,employee01203@example.test,31203
1204,Employee 01204,Support,employee01204@example.test,31204
1205,Employee 01205,Engineering,employee01205@example.test,31205
1206,Employee 01206,Finance,employee01206@example.test,31206
1207,Employee 01207,Operations,employee01207@example.test,31207
1208,Employee 01208,Sales,employee01208@example.test,31208
1209,Employee 01209,Support,employee01209@example.test,31209
1210,Employee 01210,Engineering,employee01210@example.test,31210
1211,Employee 01211,Finance,employee01211@example.test,31211
1212,Employee 01212,Operations,employee01212@example.test,31212
1213,Employee 01213,Sales,employee01213@example.test,31213
1214,Employee 01214,Support,employee01214@example.test,31214
1215,Employee 01215,Engineering,employee01215@example.test,31215
1216,Employee 01216,Finance,employee01216@example.test,31216
1217,Employee 01217,Operations,employee01217@example.test,31217
1218,Employee 01218,Sales,employee01218@example.test,31218
1219,Employee 01219,Support,employee01219@example.test,31219
1220,Employee 01220,Engineering,employee01220@example.test,31220
1221,Employee 01221,Finance,employee01221@example.test,31221
1222,Employee 01222,Operations,employee01222@example.test,31222
1223,Employee 01223,Sales,employee01223@example.test,31223
1224,Employee 01224,Support,employee01224@example.test,31224
1225,Employee 01225,Engineering,employee01225@example.test,31225
1226,Employee 01226,Finance,employee01226@example.test,31226
1227,Employee 01227,Operations,employee01227@example.test,31227
1228,Employee 01228,Sales,employee01228@example.test,31228
1229,Employee 01229,Support,employee01229@example.test,31229
1230,Employee 01230,Engineering,employee01230@example.test,31230
1231,Employee 01231,Finance,employee01231@example.test,31231
1232,Employee 01232,Operations,employee01232@example.test,31232
1233,Employee 01233,Sales,employee01233@example.test,31233
1234,Employee 01234,Support,employee01234@example.test,31234
1235,Employee 01235,Engineering,employee01235@example.test,31235
1236,Employee 01236,Finance,employee01236@example.test,31236
1237,Employee 01237,Operations,employee01237@example.test,31237
1238,Employee 01238,Sales,employee01238@example.test,31238
1239,Employee 01239,Support,employee01239@example.test,31239
1240,Employee 01240,Engineering,employee01240@example.test,31240
1241,Employee 01241,Finance,employee01241@example.test,31241
1242,Employee 01242,Operations,employee01242@example.test,31242
1243,Employee 01243,Sales,employee01243@example.test,31243
1244,Employee 01244,Support,employee01244@example.test,31244
1245,Employee 01245,Engineering,employee01245@example.test,31245
1246,Employee 01246,Finance,employee01246@example.test,31246
1247,Employee 01247,Operations,employee01247@example.test,31247
1248,Employee 01248,Sales,employee01248@example.test,31248
1249,Employee 01249,Support,employee01249@example.test,31249
1250,Employee 01250,Engineering,employee01250@example.test,31250
1251,Employee 01251,Finance,employee01251@example.test,31251
1252,Employee 01252,Operations,employee01252@example.test,31252
1253,Employee 01253,Sales,employee01253@example.test,31253
1254,Employee 01254,Support,employee01254@example.test,31254
1255,Employee 01255,Engineering,employee01255@example.test,31255
1256,Employee 01256,Finance,employee01256@example.test,31256
1257,Employee 01257,Operations,employee01257@example.test,31257
1258,Employee 01258,Sales,employee01258@example.test,31258
1259,Employee 01259,Support,employee01259@example.test,31259
1260,Employee 01260,Engineering,employee01260@example.test,31260
1261,Employee 01261,Finance,employee01261@example.test,31261
1262,Employee 01262,Operations,employee01262@example.test,31262
1263,Employee 01263,Sales,employee01263@example.test,31263
1264,Employee 01264,Support,employee01264@example.test,31264
1265,Employee 01265,Engineering,employee01265@example.test,31265
1266,Employee 01266,Finance,employee01266@example.test,31266
1267,Employee 01267,Operations,employee01267@example.test,31267
1268,Employee 01268,Sales,employee01268@example.test,31268
1269,Employee 01269,Support,employee01269@example.test,31269
1270,Employee 01270,Engineering,employee01270@example.test,31270
1271,Employee 01271,Finance,employee01271@example.test,31271
1272,Employee 01272,Operations,employee01272@example.test,31272
1273,Employee 01273,Sales,employee01273@example.test,31273
1274,Employee 01274,Support,employee01274@example.test,31274
1275,Employee 01275,Engineering,employee01275@example.test,31275
1276,Employee 01276,Finance,employee01276@example.test,31276
1277,Employee 01277,Operations,employee01277@example.test,31277
1278,Employee 01278,Sales,employee01278@example.test,31278
1279,Employee 01279,Support,employee01279@example.test,31279
1280,Employee 01280,Engineering,employee01280@example.test,31280
1281,Employee 01281,Finance,employee01281@example.test,31281
1282,Employee 01282,Operations,employee01282@example.test,31282
1283,Employee 01283,Sales,employee01283@example.test,31283
1284,Employee 01284,Support,employee01284@example.test,31284
1285,Employee 01285,Engineering,employee01285@example.test,31285
1286,Employee 01286,Finance,employee01286@example.test,31286
1287,Employee 01287,Operations,employee01287@example.test,31287
1288,Employee 01288,Sales,employee01288@example.test,31288
1289,Employee 01289,Support,employee01289@example.test,31289
1290,Employee 01290,Engineering,employee01290@example.test,31290
1291,Employee 01291,Finance,employee01291@example.test,31291
1292,Employee 01292,Operations,employee01292@example.test,31292
1293,Employee 01293,Sales,employee01293@example.test,31293
1294,Employee 01294,Support,employee01294@example.test,31294
1295,Employee 01295,Engineering,employee01295@example.test,31295
1296,Employee 01296,Finance,employee01296@example.test,31296
1297,Employee 01297,Operations,employee01297@example.test,31297
1298,Employee 01298,Sales,employee01298@example.test,31298
1299,Employee 01299,Support,employee01299@example.test,31299
1300,Employee 01300,Engineering,employee01300@example.test,31300
1301,Employee 01301,Finance,employee01301@example.test,31301
1302,Employee 01302,Operations,employee01302@example.test,31302
1303,Employee 01303,Sales,employee01303@example.test,31303
1304,Employee 01304,Support,employee01304@example.test,31304
1305,Employee 01305,Engineering,employee01305@example.test,31305
1306,Employee 01306,Finance,employee01306@example.test,31306
1307,Employee 01307,Operations,employee01307@example.test,31307
1308,Employee 01308,Sales,employee01308@example.test,31308
1309,Employee 01309,Support,employee01309@example.test,31309
1310,Employee 01310,Engineering,employee01310@example.test,31310
1311,Employee 01311,Finance,employee01311@example.test,31311
1312,Employee 01312,Operations,employee01312@example.test,31312
1313,Employee 01313,Sales,employee01313@example.test,31313
1314,Employee 01314,Support,employee01314@example.test,31314
1315,Employee 01315,Engineering,employee01315@example.test,31315
1316,Employee 01316,Finance,employee01316@example.test,31316
1317,Employee 01317,Operations,employee01317@example.test,31317
1318,Employee 01318,Sales,employee01318@example.test,31318
1319,Employee 01319,Support,employee01319@example.test,31319
1320,Employee 01320,Engineering,employee01320@example.test,31320
1321,Employee 01321,Finance,employee01321@example.test,31321
1322,Employee 01322,Operations,employee01322@example.test,31322
1323,Employee 01323,Sales,employee01323@example.test,31323
1324,Employee 01324,Support,employee01324@example.test,31324
1325,Employee 01325,Engineering,employee01325@example.test,31325
1326,Employee 01326,Finance,employee01326@example.test,31326
1327,Employee 01327,Operations,employee01327@example.test,31327
1328,Employee 01328,Sales,employee01328@example.test,31328
1329,Employee 01329,Support,employee01329@example.test,31329
1330,Employee 01330,Engineering,employee01330@example.test,31330
1331,Employee 01331,Finance,employee01331@example.test,31331
1332,Employee 01332,Operations,employee01332@example.test,31332
1333,Employee 01333,Sales,employee01333@example.test,31333
1334,Employee 01334,Support,employee01334@example.test,31334
1335,Employee 01335,Engineering,employee01335@example.test,31335
1336,Employee 01336,Finance,employee01336@example.test,31336
1337,Employee 01337,Operations,employee01337@example.test,31337
1338,Employee 01338,Sales,employee01338@example.test,31338
1339,Employee 01339,Support,employee01339@example.test,31339
1340,Employee 01340,Engineering,employee01340@example.test,31340
1341,Employee 01341,Finance,employee01341@example.test,31341
1342,Employee 01342,Operations,employee01342@example.test,31342
1343,Employee 01343,Sales,employee01343@example.test,31343
1344,Employee 01344,Support,employee01344@example.test,31344
1345,Employee 01345,Engineering,employee01345@example.test,31345
1346,Employee 01346,Finance,employee01346@example.test,31346
1347,Employee 01347,Operations,employee01347@example.test,31347
1348,Employee 01348,Sales,employee01348@example.test,31348
1349,Employee 01349,Support,employee01349@example.test,31349
1350,Employee 01350,Engineering,employee01350@example.test,31350
1351,Employee 01351,Finance,employee01351@example.test,31351
1352,Employee 01352,Operations,employee01352@example.test,31352
1353,Employee 01353,Sales,employee01353@example.test,31353
1354,Employee 01354,Support,employee01354@example.test,31354
1355,Employee 01355,Engineering,employee01355@example.test,31355
1356,Employee 01356,Finance,employee01356@example.test,31356
1357,Employee 01357,Operations,employee01357@example.test,31357
1358,Employee 01358,Sales,employee01358@example.test,31358
1359,Employee 01359,Support,employee01359@example.test,31359
1360,Employee 01360,Engineering,employee01360@example.test,31360
1361,Employee 01361,Finance,employee01361@example.test,31361
1362,Employee 01362,Operations,employee01362@example.test,31362
1363,Employee 01363,Sales,employee01363@example.test,31363
1364,Employee 01364,Support,employee01364@example.test,31364
1365,Employee 01365,Engineering,employee01365@example.test,31365
1366,Employee 01366,Finance,employee01366@example.test,31366
1367,Employee 01367,Operations,employee01367@example.test,31367
1368,Employee 01368,Sales,employee01368@example.test,31368
1369,Employee 01369,Support,employee01369@example.test,31369
1370,Employee 01370,Engineering,employee01370@example.test,31370
1371,Employee 01371,Finance,employee01371@example.test,31371
1372,Employee 01372,Operations,employee01372@example.test,31372
1373,Employee 01373,Sales,employee01373@example.test,31373
1374,Employee 01374,Support,employee01374@example.test,31374
1375,Employee 01375,Engineering,employee01375@example.test,31375
1376,Employee 01376,Finance,employee01376@example.test,31376
1377,Employee 01377,Operations,employee01377@example.test,31377
1378,Employee 01378,Sales,employee01378@example.test,31378
1379,Employee 01379,Support,employee01379@example.test,31379
1380,Employee 01380,Engineering,employee01380@example.test,31380
1381,Employee 01381,Finance,employee01381@example.test,31381
1382,Employee 01382,Operations,employee01382@example.test,31382
1383,Employee 01383,Sales,employee01383@example.test,31383
1384,Employee 01384,Support,employee01384@example.test,31384
1385,Employee 01385,Engineering,employee01385@example.test,31385
1386,Employee 01386,Finance,employee01386@example.test,31386
1387,Employee 01387,Operations,employee01387@example.test,31387
1388,Employee 01388,Sales,employee01388@example.test,31388
1389,Employee 01389,Support,employee01389@example.test,31389
1390,Employee 01390,Engineering,employee01390@example.test,31390
1391,Employee 01391,Finance,employee01391@example.test,31391
1392,Employee 01392,Operations,employee01392@example.test,31392
1393,Employee 01393,Sales,employee01393@example.test,31393
1394,Employee 01394,Support,employee01394@example.test,31394
1395,Employee 01395,Engineering,employee01395@example.test,31395
1396,Employee 01396,Finance,employee01396@example.test,31396
1397,Employee 01397,Operations,employee01397@example.test,31397
1398,Employee 01398,Sales,employee01398@example.test,31398
1399,Employee 01399,Support,employee01399@example.test,31399
1400,Employee 01400,Engineering,employee01400@example.test,31400
1401,Employee 01401,Finance,employee01401@example.test,31401
1402,Employee 01402,Operations,employee01402@example.test,31402
1403,Employee 01403,Sales,employee01403@example.test,31403
1404,Employee 01404,Support,employee01404@example.test,31404
1405,Employee 01405,Engineering,employee01405@example.test,31405
1406,Employee 01406,Finance,employee01406@example.test,31406
1407,Employee 01407,Operations,employee01407@example.test,31407
1408,Employee 01408,Sales,employee01408@example.test,31408
1409,Employee 01409,Support,employee01409@example.test,31409
1410,Employee 01410,Engineering,employee01410@example.test,31410
1411,Employee 01411,Finance,employee01411@example.test,31411
1412,Employee 01412,Operations,employee01412@example.test,31412
1413,Employee 01413,Sales,employee01413@example.test,31413
1414,Employee 01414,Support,employee01414@example.test,31414
1415,Employee 01415,Engineering,employee01415@example.test,31415
1416,Employee 01416,Finance,employee01416@example.test,31416
1417,Employee 01417,Operations,employee01417@example.test,31417
1418,Employee 01418,Sales,employee01418@example.test,31418
1419,Employee 01419,Support,employee01419@example.test,31419
1420,Employee 01420,Engineering,employee01420@example.test,31420
1421,Employee 01421,Finance,employee01421@example.test,31421
1422,Employee 01422,Operations,employee01422@example.test,31422
1423,Employee 01423,Sales,employee01423@example.test,31423
1424,Employee 01424,Support,employee01424@example.test,31424
1425,Employee 01425,Engineering,employee01425@example.test,31425
1426,Employee 01426,Finance,employee01426@example.test,31426
1427,Employee 01427,Operations,employee01427@example.test,31427
1428,Employee 01428,Sales,employee01428@example.test,31428
1429,Employee 01429,Support,employee01429@example.test,31429
1430,Employee 01430,Engineering,employee01430@example.test,31430
1431,Employee 01431,Finance,employee01431@example.test,31431
1432,Employee 01432,Operations,employee01432@example.test,31432
1433,Employee 01433,Sales,employee01433@example.test,31433
1434,Employee 01434,Support,employee01434@example.test,31434
1435,Employee 01435,Engineering,employee01435@example.test,31435
1436,Employee 01436,Finance,employee01436@example.test,31436
1437,Employee 01437,Operations,employee01437@example.test,31437
1438,Employee 01438,Sales,employee01438@example.test,31438
1439,Employee 01439,Support,employee01439@example.test,31439
1440,Employee 01440,Engineering,employee01440@example.test,31440
1441,Employee 01441,Finance,employee01441@example.test,31441
1442,Employee 01442,Operations,employee01442@example.test,31442
1443,Employee 01443,Sales,employee01443@example.test,31443
1444,Employee 01444,Support,employee01444@example.test,31444
1445,Employee 01445,Engineering,employee01445@example.test,31445
1446,Employee 01446,Finance,employee01446@example.test,31446
1447,Employee 01447,Operations,employee01447@example.test,31447
1448,Employee 01448,Sales,employee01448@example.test,31448
1449,Employee 01449,Support,employee01449@example.test,31449
1450,Employee 01450,Engineering,employee01450@example.test,31450
1451,Employee 01451,Finance,employee01451@example.test,31451
1452,Employee 01452,Operations,employee01452@example.test,31452
1453,Employee 01453,Sales,employee01453@example.test,31453
1454,Employee 01454,Support,employee01454@example.test,31454
1455,Employee 01455,Engineering,employee01455@example.test,31455
1456,Employee 01456,Finance,employee01456@example.test,31456
1457,Employee 01457,Operations,employee01457@example.test,31457
1458,Employee 01458,Sales,employee01458@example.test,31458
1459,Employee 01459,Support,employee01459@example.test,31459
1460,Employee 01460,Engineering,employee01460@example.test,31460
1461,Employee 01461,Finance,employee01461@example.test,31461
1462,Employee 01462,Operations,employee01462@example.test,31462
1463,Employee 01463,Sales,employee01463@example.test,31463
1464,Employee 01464,Support,employee01464@example.test,31464
1465,Employee 01465,Engineering,employee01465@example.test,31465
1466,Employee 01466,Finance,employee01466@example.test,31466
1467,Employee 01467,Operations,employee01467@example.test,31467
1468,Employee 01468,Sales,employee01468@example.test,31468
1469,Employee 01469,Support,employee01469@example.test,31469
1470,Employee 01470,Engineering,employee01470@example.test,31470
1471,Employee 01471,Finance,employee01471@example.test,31471
1472,Employee 01472,Operations,employee01472@example.test,31472
1473,Employee 01473,Sales,employee01473@example.test,31473
1474,Employee 01474,Support,employee01474@example.test,31474
1475,Employee 01475,Engineering,employee01475@example.test,31475
1476,Employee 01476,Finance,employee01476@example.test,31476
1477,Employee 01477,Operations,employee01477@example.test,31477
1478,Employee 01478,Sales,employee01478@example.test,31478
1479,Employee 01479,Support,employee01479@example.test,31479
1480,Employee 01480,Engineering,employee01480@example.test,31480
1481,Employee 01481,Finance,employee01481@example.test,31481
1482,Employee 01482,Operations,employee01482@example.test,31482
1483,Employee 01483,Sales,employee01483@example.test,31483
1484,Employee 01484,Support,employee01484@example.test,31484
1485,Employee 01485,Engineering,employee01485@example.test,31485
1486,Employee 01486,Finance,employee01486@example.test,31486
1487,Employee 01487,Operations,employee01487@example.test,31487
1488,Employee 01488,Sales,employee01488@example.test,31488
1489,Employee 01489,Support,employee01489@example.test,31489
1490,Employee 01490,Engineering,employee01490@example.test,31490
1491,Employee 01491,Finance,employee01491@example.test,31491
1492,Employee 01492,Operations,employee01492@example.test,31492
1493,Employee 01493,Sales,employee01493@example.test,31493
1494,Employee 01494,Support,employee01494@example.test,31494
1495,Employee 01495,Engineering,employee01495@example.test,31495
1496,Employee 01496,Finance,employee01496@example.test,31496
1497,Employee 01497,Operations,employee01497@example.test,31497
1498,Employee 01498,Sales,employee01498@example.test,31498
1499,Employee 01499,Support,employee01499@example.test,31499
1500,Employee 01500,Engineering,employee01500@example.test,31500
